Opportunity Id,Predict classisication,Win Probability
0062e000002HFauAAG,Win,0.67826087
0062e000002HFayAAG,Win,0.626086957
0062e000002HFbAAAW,Win,0.617391304
0062e000002HFbBAAW,Win,0.660869565
0062e000002HFbCAAW,Win,0.660869565
0062e000002HFbEAAW,Win,0.634782609
0062e000002HFbFAAW,Win,0.626086957
0062e000002HFbGAAW,Win,0.617391304
0062e000002HFbKAAW,Win,0.617391304
0062e000002HFtlAAG,Win,0.565217391
0062e000002HFuKAAW,Lose,0.408695652
0062e000002HFuNAAW,Win,0.556521739
0062e000002HFupAAG,Win,0.556521739
0062e000002HFuvAAG,Win,0.608695652
0062e000002HFvbAAG,Lose,0.382608696
0062e000002HFviAAG,Lose,0.495652174
0062e000002HFvZAAW,Win,0.556521739
0062e000002HFw3AAG,Win,0.547826087
0062e000002HFw8AAG,Win,0.626086957
0062e000002HFw9AAG,Win,0.652173913
0062e000002HFwBAAW,Win,0.626086957
0062e000002HFwHAAW,Win,0.565217391
0062e000002HFwOAAW,Win,0.626086957
0062e000002HFwsAAG,Win,0.669565217
0062e000002HFxeAAG,Win,0.565217391
0062e000002HFxNAAW,Win,0.504347826
0062e000002HFxZAAW,Win,0.608695652
0062e000002HFy1AAG,Lose,0.460869565
0062e000002HFzEAAW,Lose,0.365217391
0062e000002HFzhAAG,Win,0.573913043
0062e000002HFzjAAG,Lose,0.486956522
0062e000002HFzqAAG,Lose,0.495652174
0062e000002HG0LAAW,Win,0.52173913
0062e000002HG0MAAW,Lose,0.417391304
0062e000002HG10AAG,Win,0.504347826
0062e000002HG11AAG,Lose,0.486956522
0062e000002HG12AAG,Win,0.504347826
0062e000002HG3HAAW,Lose,0.173913043
0062e000002HG3IAAW,Lose,0.191304348
0062e000002HG3MAAW,Lose,0.373913043
0062e000002HG3NAAW,Lose,0.417391304
0062e000002HG3PAAW,Lose,0.426086957
0062e000002HG3QAAW,Lose,0.417391304
0062e000002HG3RAAW,Lose,0.434782609
0062e000002HG3SAAW,Lose,0.460869565
0062e000002HG3UAAW,Lose,0.486956522
0062e000002HG3wAAG,Lose,0.495652174
0062e000002HG44AAG,Win,0.652173913
0062e000002HG4JAAW,Win,0.504347826
0062e000002HG52AAG,Win,0.547826087
0062e000002HG60AAG,Lose,0.443478261
0062e000002HG62AAG,Lose,0.408695652
0062e000002HG67AAG,Win,0.6
0062e000002HG6BAAW,Lose,0.4
0062e000002HG6GAAW,Lose,0.382608696
0062e000002HG6NAAW,Win,0.52173913
0062e000002HG6QAAW,Lose,0.47826087
0062e000002HG6xAAG,Lose,0.47826087
0062e000002HG7BAAW,Win,0.513043478
0062e000002HG7HAAW,Lose,0.426086957
0062e000002HG89AAG,Win,0.565217391
0062e000002HG8zAAG,Win,0.573913043
0062e000002HG9bAAG,Lose,0.286956522
0062e000002HG9cAAG,Lose,0.391304348
0062e000002HGA5AAO,Lose,0.47826087
0062e000002HGAJAA4,Lose,0.495652174
0062e000002HGbSAAW,Lose,0.47826087
0062e000002HGC0AAO,Lose,0.460869565
0062e000002HGc3AAG,Lose,0.408695652
0062e000002HGcbAAG,Lose,0.391304348
0062e000002HGccAAG,Lose,0.495652174
0062e000002HGcdAAG,Lose,0.347826087
0062e000002HGcfAAG,Lose,0.469565217
0062e000002HGcjAAG,Lose,0.382608696
0062e000002HGcTAAW,Lose,0.434782609
0062e000002HGD4AAO,Lose,0.426086957
0062e000002HGD6AAO,Win,0.513043478
0062e000002HGDpAAO,Lose,0.495652174
0062e000002HGDqAAO,Lose,0.452173913
0062e000002HGdsAAG,Lose,0.391304348
0062e000002HGDWAA4,Lose,0.47826087
0062e000002HGDwAAO,Lose,0.47826087
0062e000002HGDxAAO,Lose,0.382608696
0062e000002HGe4AAG,Win,0.504347826
0062e000002HGe5AAG,Lose,0.486956522
0062e000002HGEaAAO,Lose,0.469565217
0062e000002HGeCAAW,Win,0.6
0062e000002HGedAAG,Win,0.52173913
0062e000002HGeEAAW,Lose,0.408695652
0062e000002HGeGAAW,Lose,0.4
0062e000002HGeKAAW,Lose,0.469565217
0062e000002HGenAAG,Lose,0.408695652
0062e000002HGeTAAW,Lose,0.426086957
0062e000002HGeuAAG,Lose,0.373913043
0062e000002HGevAAG,Lose,0.486956522
0062e000002HGeVAAW,Win,0.513043478
0062e000002HGeyAAG,Lose,0.443478261
0062e000002HGf0AAG,Lose,0.47826087
0062e000002HGf2AAG,Lose,0.460869565
0062e000002HGF7AAO,Lose,0.434782609
0062e000002HGFaAAO,Lose,0.382608696
0062e000002HGfAAAW,Lose,0.408695652
0062e000002HGFeAAO,Lose,0.452173913
0062e000002HGfEAAW,Lose,0.452173913
0062e000002HGflAAG,Lose,0.391304348
0062e000002HGfmAAG,Lose,0.391304348
0062e000002HGfoAAG,Lose,0.426086957
0062e000002HGfpAAG,Lose,0.391304348
0062e000002HGfPAAW,Lose,0.408695652
0062e000002HGfqAAG,Lose,0.495652174
0062e000002HGftAAG,Lose,0.382608696
0062e000002HGfuAAG,Lose,0.382608696
0062e000002HGfyAAG,Lose,0.365217391
0062e000002HGfYAAW,Lose,0.426086957
0062e000002HGg2AAG,Win,0.6
0062e000002HGg3AAG,Lose,0.499130435
0062e000002HGg4AAG,Lose,0.373913043
0062e000002HGG4AAO,Lose,0.460869565
0062e000002HGg6AAG,Lose,0.495652174
0062e000002HGg7AAG,Lose,0.486956522
0062e000002HGg8AAG,Lose,0.365217391
0062e000002HGg9AAG,Win,0.556521739
0062e000002HGgAAAW,Win,0.504347826
0062e000002HGgIAAW,Lose,0.391304348
0062e000002HGgOAAW,Lose,0.443478261
0062e000002HGgpAAG,Lose,0.469565217
0062e000002HGh2AAG,Lose,0.32173913
0062e000002HGh4AAG,Lose,0.460869565
0062e000002HGhcAAG,Lose,0.469565217
0062e000002HGhiAAG,Lose,0.434782609
0062e000002HGhLAAW,Lose,0.443478261
0062e000002HGHOAA4,Lose,0.182608696
0062e000002HGHPAA4,Lose,0.147826087
0062e000002HGHQAA4,Lose,0.130434783
0062e000002HGHRAA4,Lose,0.173913043
0062e000002HGHUAA4,Lose,0.217391304
0062e000002HGHVAA4,Win,0.643478261
0062e000002HGhZAAW,Lose,0.443478261
0062e000002HGI2AAO,Lose,0.4
0062e000002HGI3AAO,Lose,0.356521739
0062e000002HGIAAA4,Lose,0.426086957
0062e000002HGIDAA4,Lose,0.4
0062e000002HGifAAG,Lose,0.339130435
0062e000002HGIfAAO,Lose,0.347826087
0062e000002HGijAAG,Lose,0.347826087
0062e000002HGimAAG,Lose,0.304347826
0062e000002HGipAAG,Lose,0.304347826
0062e000002HGjEAAW,Lose,0.365217391
0062e000002HGjkAAG,Lose,0.307826087
0062e000002HGM6AAO,Lose,0.4
0062e000002HGM7AAO,Lose,0.365217391
0062e000002HGM9AAO,Lose,0.365217391
0062e000002HGMAAA4,Lose,0.356521739
0062e000002HGMBAA4,Lose,0.4
0062e000002HGMFAA4,Lose,0.382608696
0062e000002HGMHAA4,Lose,0.27826087
0062e000002HGMKAA4,Lose,0.373913043
0062e000002HGMLAA4,Lose,0.373913043
0062e000002HGMMAA4,Lose,0.347826087
0062e000002HGMNAA4,Win,0.565217391
0062e000002HGNBAA4,Lose,0.426086957
0062e000002HGNdAAO,Lose,0.391304348
0062e000002HGnqAAG,Lose,0.365217391
0062e000002HGo2AAG,Lose,0.417391304
0062e000002HGO2AAO,Lose,0.426086957
0062e000002HGO3AAO,Lose,0.313043478
0062e000002HGO5AAO,Lose,0.234782609
0062e000002HGO6AAO,Lose,0.252173913
0062e000002HGO8AAO,Lose,0.382608696
0062e000002HGoCAAW,Lose,0.486956522
0062e000002HGOjAAO,Lose,0.373913043
0062e000002HGOlAAO,Lose,0.426086957
0062e000002HGOoAAO,Lose,0.356521739
0062e000002HGoRAAW,Lose,0.434782609
0062e000002HGOTAA4,Lose,0.434782609
0062e000002Hgp2AAC,Lose,0.32173913
0062e000002HGp5AAG,Lose,0.382608696
0062e000002HGPgAAO,Lose,0.347826087
0062e000002HGpqAAG,Win,0.513043478
0062e000002HGPqAAO,Lose,0.373913043
0062e000002HGPxAAO,Lose,0.443478261
0062e000002Hgq0AAC,Lose,0.382608696
0062e000002HGQ0AAO,Lose,0.486956522
0062e000002HGqFAAW,Lose,0.313043478
0062e000002HGQiAAO,Lose,0.4
0062e000002HGqKAAW,Lose,0.226086957
0062e000002HGQlAAO,Lose,0.313043478
0062e000002HGqMAAW,Lose,0.356521739
0062e000002HGqNAAW,Win,0.626086957
0062e000002HGrFAAW,Lose,0.32173913
0062e000002HGrIAAW,Lose,0.356521739
0062e000002HGrvAAG,Lose,0.27826087
0062e000002HgskAAC,Lose,0.4
0062e000002HgsVAAS,Lose,0.347826087
0062e000002HGtbAAG,Lose,0.382608696
0062e000002HGTiAAO,Lose,0.443478261
0062e000002HGtwAAG,Lose,0.373913043
0062e000002HGu1AAG,Lose,0.304347826
0062e000002HGu3AAG,Lose,0.304347826
0062e000002HGU7AAO,Lose,0.295652174
0062e000002HGulAAG,Lose,0.304347826
0062e000002HGuPAAW,Lose,0.313043478
0062e000002HGuwAAG,Lose,0.32173913
0062e000002HGv8AAG,Lose,0.304347826
0062e000002HGv9AAG,Lose,0.295652174
0062e000002HGvFAAW,Lose,0.304347826
0062e000002HGvGAAW,Lose,0.295652174
0062e000002HGvRAAW,Lose,0.286956522
0062e000002HGWwAAO,Lose,0.382608696
0062e000002HGyfAAG,Lose,0.356521739
0062e000002HGzcAAG,Lose,0.339130435
0062e000002HgzDAAS,Lose,0.295652174
0062e000002HH0RAAW,Lose,0.347826087
0062e000002HH2DAAW,Lose,0.32173913
0062e000002HH2HAAW,Lose,0.313043478
0062e000002HH2lAAG,Lose,0.356521739
0062e000002HH2nAAG,Lose,0.373913043
0062e000002HH34AAG,Lose,0.32173913
0062e000002HH35AAG,Lose,0.330434783
0062e000002HH3BAAW,Lose,0.434782609
0062e000002HH3KAAW,Lose,0.269565217
0062e000002HH3xAAG,Lose,0.365217391
0062e000002HH3yAAG,Lose,0.365217391
0062e000002HH3zAAG,Lose,0.286956522
0062e000002HH40AAG,Lose,0.365217391
0062e000002HH44AAG,Lose,0.286956522
0062e000002HH45AAG,Lose,0.365217391
0062e000002HH46AAG,Lose,0.313043478
0062e000002HH47AAG,Lose,0.356521739
0062e000002HH4AAAW,Lose,0.27826087
0062e000002HH4BAAW,Lose,0.365217391
0062e000002HH4CAAW,Lose,0.286956522
0062e000002HH4DAAW,Lose,0.356521739
0062e000002HH4fAAG,Lose,0.304347826
0062e000002HH4GAAW,Lose,0.27826087
0062e000002HH4HAAW,Lose,0.313043478
0062e000002HH4IAAW,Win,0.547826087
0062e000002HH4RAAW,Lose,0.339130435
0062e000002HH56AAG,Lose,0.286956522
0062e000002HH5NAAW,Lose,0.328695652
0062e000002HH5YAAW,Lose,0.426086957
0062e000002HH67AAG,Lose,0.32173913
0062e000002HH6aAAG,Lose,0.356521739
0062e000002HH6bAAG,Lose,0.347826087
0062e000002HH6dAAG,Lose,0.373913043
0062e000002HH6gAAG,Lose,0.330434783
0062e000002HH6XAAW,Lose,0.347826087
0062e000002HH74AAG,Lose,0.469565217
0062e000002HH75AAG,Lose,0.434782609
0062e000002HH7TAAW,Lose,0.4
0062e000002HH9NAAW,Lose,0.339130435
0062e000002HH9PAAW,Lose,0.295652174
0062e000002HH9VAAW,Lose,0.260869565
0062e000002HH9WAAW,Lose,0.382608696
0062e000002HH9XAAW,Lose,0.391304348
0062e000002HH9YAAW,Lose,0.434782609
0062e000002HH9ZAAW,Lose,0.260869565
0062e000002HHA9AAO,Lose,0.043478261
0062e000002HHAEAA4,Lose,0.069565217
0062e000002HHBbAAO,Lose,0.356521739
0062e000002HHBFAA4,Lose,0.27826087
0062e000002HHBGAA4,Lose,0.339130435
0062e000002HHBIAA4,Lose,0.4
0062e000002HHBRAA4,Lose,0.313043478
0062e000002HHBSAA4,Lose,0.495652174
0062e000002HHBUAA4,Lose,0.27826087
0062e000002HHBWAA4,Lose,0.495652174
0062e000002HHBXAA4,Lose,0.347826087
0062e000002HHBYAA4,Lose,0.313043478
0062e000002HHCKAA4,Lose,0.347826087
0062e000002HHCLAA4,Lose,0.27826087
0062e000002HHCpAAO,Win,0.686956522
0062e000002HHCUAA4,Lose,0.27826087
0062e000002HHDDAA4,Lose,0.469565217
0062e000002HHEFAA4,Lose,0.260869565
0062e000002HHEJAA4,Lose,0.313043478
0062e000002HHEpAAO,Lose,0.304347826
0062e000002HHEWAA4,Lose,0.32173913
0062e000002HHFjAAO,Lose,0.356521739
0062e000002HHFpAAO,Lose,0.330434783
0062e000002HHFqAAO,Lose,0.347826087
0062e000002HHHfAAO,Lose,0.426086957
0062e000002HHICAA4,Lose,0.313043478
0062e000002HHIGAA4,Lose,0.295652174
0062e000002HHIJAA4,Lose,0.452173913
0062e000002HHImAAO,Lose,0.339130435
0062e000002HHIwAAO,Lose,0.27826087
0062e000002HHLlAAO,Lose,0.452173913
0062e000002HHLpAAO,Lose,0.452173913
0062e000002HHO2AAO,Lose,0.426086957
0062e000002HHO8AAO,Lose,0.417391304
0062e000002HHP0AAO,Lose,0.365217391
0062e000002HHQ4AAO,Lose,0.382608696
0062e000002Hk21AAC,Lose,0.347826087
0062e000002Hk3RAAS,Lose,0.382608696
0062e000002Hk40AAC,Lose,0.469565217
0062e000002Hk5rAAC,Lose,0.365217391
0062e000002Hk8RAAS,Win,0.547826087
0062e000002HkfZAAS,Lose,0.269565217
0062e000002Hn8wAAC,Lose,0.417391304
0062e000002Hn96AAC,Lose,0.434782609
0062e000002HnCPAA0,Lose,0.234782609
0062e000002HSYDAA4,Lose,0.339130435
0062e000002HvWMAA0,Lose,0.243478261
0062e000002HzqAAAS,Lose,0.217391304
0062e000002I0IAAA0,Lose,0.32173913
0062e000002I8IWAA0,Win,0.626086957
0062e000002IAgGAAW,Lose,0.234782609
0062e000002IAgkAAG,Lose,0.27826087
0062e000002IFxHAAW,Lose,0.408695652
0062e000002IG6OAAW,Win,0.530434783
0062e000002IGaiAAG,Lose,0.486956522
0062e000002IGb7AAG,Lose,0.243478261
0062e000002IIwGAAW,Lose,0.260869565
0062e000002IIybAAG,Lose,0.304347826
0062e000002IIz5AAG,Lose,0.252173913
0062e000002IkibAAC,Lose,0.382608696
0062e000002IkmTAAS,Win,0.530434783
0062e000002IknvAAC,Lose,0.391304348
0062e000002IkVIAA0,Lose,0.313043478
0062e000002IlscAAC,Lose,0.426086957
0062e000002IlsDAAS,Lose,0.417391304
0062e000002IltBAAS,Lose,0.417391304
0062e000002IltVAAS,Lose,0.426086957
0062e000002Ilv7AAC,Lose,0.434782609
0062e000002Io5yAAC,Lose,0.443478261
0062e000002IpvmAAC,Lose,0.286956522
0062e000002IQHBAA4,Lose,0.347826087
0062e000002IQHkAAO,Lose,0.391304348
0062e000002IrYQAA0,Lose,0.208695652
0062e000002IsMmAAK,Lose,0.391304348
0062e000002IU1fAAG,Lose,0.4
0062e000002IVJCAA4,Lose,0.27826087
0062e000002Iw9xAAC,Win,0.539130435
0062e000002IwDqAAK,Lose,0.217391304
0062e000002IWPeAAO,Lose,0.355072464
0062e000002IX7iAAG,Lose,0.460869565
0062e000002IX8qAAG,Lose,0.417391304
0062e000002IxRzAAK,Lose,0.382608696
0062e000002IyEfAAK,Lose,0.330434783
0062e000002IzN9AAK,Lose,0.330434783
0062e000002JAvMAAW,Lose,0.382608696
0062e000002JBARAA4,Lose,0.330434783
0062e000002JC2vAAG,Lose,0.382608696
0062e000002JdEBAA0,Lose,0.382608696
0062e000002JEMOAA4,Lose,0.443478261
0062e000002JF1qAAG,Lose,0.295652174
0062e000002JF3IAAW,Lose,0.208695652
0062e000002JFCFAA4,Lose,0.347826087
0062e000002JfxiAAC,Lose,0.495652174
0062e000002JfxTAAS,Lose,0.486956522
0062e000002JiKyAAK,Lose,0.365217391
0062e000002JIOZAA4,Lose,0.304347826
0062e000002JlcgAAC,Lose,0.443478261
0062e000002JldZAAS,Lose,0.252173913
0062e000002JlhMAAS,Lose,0.373913043
0062e000002JljIAAS,Lose,0.234782609
0062e000002JllnAAC,Lose,0.286956522
0062e000002JlsZAAS,Lose,0.443478261
0062e000002Jlt8AAC,Lose,0.426086957
0062e000002JltmAAC,Lose,0.443478261
0062e000002JlviAAC,Lose,0.469565217
0062e000002JlwlAAC,Lose,0.27826087
0062e000002Jlz1AAC,Lose,0.460869565
0062e000002Jm1CAAS,Lose,0.460869565
0062e000002Jm1lAAC,Lose,0.295652174
0062e000002Jm6HAAS,Lose,0.443478261
0062e000002Jo3IAAS,Lose,0.347826087
0062e000002JP48AAG,Lose,0.32173913
0062e000002JPeBAAW,Lose,0.469565217
0062e000002JPR7AAO,Lose,0.339130435
0062e000002JQ3sAAG,Lose,0.460869565
0062e000002JQ4bAAG,Lose,0.443478261
0062e000002JQ4HAAW,Lose,0.443478261
0062e000002JQUJAA4,Win,0.652173913
0062e000002JRUlAAO,Lose,0.47826087
0062e000002JUlvAAG,Lose,0.434782609
0062e000002JUo6AAG,Lose,0.304347826
0062e000002JUvdAAG,Lose,0.330434783
0062e000002JUzBAAW,Lose,0.373913043
0062e000002JV0sAAG,Lose,0.173913043
0062e000002JV0xAAG,Lose,0.252173913
0062e000002JWfmAAG,Lose,0.391304348
0062e000002JWWZAA4,Lose,0.269565217
0062e000002JXmbAAG,Lose,0.486956522
0062e000002JYdQAAW,Lose,0.217391304
0062e000002JYdzAAG,Win,0.513043478
0062e000002JYEaAAO,Win,0.513043478
0062e000002JZ5PAAW,Lose,0.356521739
0062e000002JZp8AAG,Lose,0.243478261
0062e000002K3HbAAK,Lose,0.217391304
0062e000002K3lgAAC,Lose,0.313043478
0062e000002K3ZkAAK,Lose,0.234782609
0062e000002K4DuAAK,Lose,0.234782609
0062e000002K4EEAA0,Lose,0.234782609
0062e000002K4wbAAC,Lose,0.2
0062e000002K590AAC,Lose,0.452173913
0062e000002KbDEAA0,Lose,0.339130435
0062e000002KD6cAAG,Lose,0.252173913
0062e000002KD6IAAW,Lose,0.460869565
0062e000002Kdn1AAC,Lose,0.452173913
0062e000002KdnaAAC,Lose,0.434782609
0062e000002KeIJAA0,Lose,0.243478261
0062e000002KEq5AAG,Lose,0.443478261
0062e000002KExpAAG,Lose,0.243478261
0062e000002Kg8nAAC,Lose,0.286956522
0062e000002KGQkAAO,Lose,0.408695652
0062e000002KGWYAA4,Lose,0.408695652
0062e000002KjMTAA0,Lose,0.356521739
0062e000002KKa7AAG,Lose,0.4
0062e000002KKhSAAW,Win,0.513043478
0062e000002KKi6AAG,Lose,0.443478261
0062e000002KKMKAA4,Lose,0.356521739
0062e000002KKMLAA4,Lose,0.4
0062e000002KKqnAAG,Lose,0.32173913
0062e000002KKupAAG,Lose,0.408695652
0062e000002KKwgAAG,Lose,0.356521739
0062e000002KKwMAAW,Lose,0.4
0062e000002KLhkAAG,Lose,0.417391304
0062e000002KLLjAAO,Lose,0.32173913
0062e000002KM4PAAW,Lose,0.408695652
0062e000002KM53AAG,Lose,0.495652174
0062e000002KM5mAAG,Lose,0.417391304
0062e000002KM5XAAW,Lose,0.32173913
0062e000002KM6BAAW,Lose,0.452173913
0062e000002KM6kAAG,Lose,0.373913043
0062e000002KM74AAG,Lose,0.391304348
0062e000002KM7TAAW,Lose,0.373913043
0062e000002KM7xAAG,Lose,0.391304348
0062e000002KM8bAAG,Lose,0.391304348
0062e000002KM8vAAG,Lose,0.330434783
0062e000002KNxoAAG,Win,0.530434783
0062e000002KNZoAAO,Lose,0.269565217
0062e000002KO9yAAG,Lose,0.373913043
0062e000002KognAAC,Lose,0.347826087
0062e000002KOLQAA4,Lose,0.434782609
0062e000002KozXAAS,Lose,0.417391304
0062e000002KP25AAG,Lose,0.356521739
0062e000002KP5OAAW,Lose,0.443478261
0062e000002KP5sAAG,Lose,0.434782609
0062e000002KpCgAAK,Lose,0.417391304
0062e000002KpCvAAK,Lose,0.417391304
0062e000002KpDUAA0,Lose,0.234782609
0062e000002KpE8AAK,Lose,0.243478261
0062e000002KPNVAA4,Lose,0.295652174
0062e000002KPOJAA4,Lose,0.452173913
0062e000002KPQFAA4,Lose,0.452173913
0062e000002KPR3AAO,Lose,0.452173913
0062e000002KqfXAAS,Lose,0.27826087
0062e000002Ks88AAC,Lose,0.260869565
0062e000002KTXCAA4,Lose,0.252173913
0062e000002KtzjAAC,Lose,0.286956522
0062e000002Ku1fAAC,Lose,0.330434783
0062e000002KWb1AAG,Lose,0.27826087
0062e000002KWdvAAG,Lose,0.269565217
0062e000002KWSYAA4,Lose,0.356521739
0062e000002KWYgAAO,Lose,0.330434783
0062e000002KX8TAAW,Lose,0.373913043
0062e000002KxM2AAK,Lose,0.434782609
0062e000002KxM7AAK,Lose,0.243478261
0062e000002KxMMAA0,Lose,0.434782609
0062e000002KxO3AAK,Lose,0.330434783
0062e000002KxO8AAK,Lose,0.365217391
0062e000002KYB5AAO,Win,0.530434783
0062e000002KYHrAAO,Lose,0.304347826
0062e000002L1K8AAK,Lose,0.365217391
0062e000002L1TPAA0,Lose,0.373913043
0062e000002L1XHAA0,Lose,0.426086957
0062e000002L2B2AAK,Lose,0.4
0062e000002L2JLAA0,Lose,0.391304348
0062e000002L2TJAA0,Lose,0.313043478
0062e000002L2W3AAK,Lose,0.252173913
0062e000002L2WrAAK,Lose,0.295652174
0062e000002L2ZqAAK,Lose,0.252173913
0062e000002L40TAAS,Lose,0.286956522
0062e000002L4MUAA0,Lose,0.252173913
0062e000002L4NDAA0,Lose,0.243478261
0062e000002L4TQAA0,Lose,0.417391304
0062e000002L5o4AAC,Lose,0.443478261
0062e000002L5qZAAS,Lose,0.269565217
0062e000002LC6zAAG,Lose,0.252173913
0062e000002LCcqAAG,Lose,0.286956522
0062e000002LcjfAAC,Lose,0.286956522
0062e000002LclqAAC,Lose,0.304347826
0062e000002Ld12AAC,Lose,0.252173913
0062e000002Ld7yAAC,Lose,0.286956522
0062e000002LehRAAS,Lose,0.460869565
0062e000002LekfAAC,Lose,0.382608696
0062e000002LEPaAAO,Lose,0.330434783
0062e000002LGszAAG,Lose,0.32173913
0062e000002Lhm3AAC,Lose,0.269565217
0062e000002Li8xAAC,Lose,0.226086957
0062e000002LihdAAC,Lose,0.443478261
0062e000002LisMAAS,Lose,0.4
0062e000002Lk11AAC,Lose,0.243478261
0062e000002LnAzAAK,Lose,0.304347826
0062e000002LnNvAAK,Lose,0.27826087
0062e000002Lnz7AAC,Lose,0.269565217
0062e000002Lo0tAAC,Lose,0.365217391
0062e000002Lo1mAAC,Lose,0.4
0062e000002Lo1NAAS,Lose,0.32173913
0062e000002LoiVAAS,Lose,0.313043478
0062e000002LojsAAC,Lose,0.286956522
0062e000002LopeAAC,Win,0.539130435
0062e000002LqPfAAK,Lose,0.426086957
0062e000002LqZzAAK,Lose,0.330434783
0062e000002LRG6AAO,Lose,0.365217391
0062e000002LRlUAAW,Lose,0.382608696
0062e000002LRPwAAO,Lose,0.130434783
0062e000002LRWOAA4,Lose,0.286956522
0062e000002LTBQAA4,Lose,0.382608696
0062e000002LTFDAA4,Lose,0.347826087
0062e000002LTNvAAO,Lose,0.330434783
0062e000002LTZmAAO,Lose,0.217391304
0062e000002LUvKAAW,Lose,0.356521739
0062e000002LVY6AAO,Lose,0.356521739
0062e000002LXsaAAG,Lose,0.391304348
0062e000002LymwAAC,Lose,0.347826087
0062e000002LysQAAS,Lose,0.4
0062e000002LzFDAA0,Lose,0.4
0062e000002LZs5AAG,Lose,0.304347826
0062e000002M3g3AAC,Lose,0.295652174
0062e000002M4ZmAAK,Lose,0.356521739
0062e000002M5alAAC,Lose,0.313043478
0062e000002M7hlAAC,Lose,0.330434783
0062e000002M7lEAAS,Lose,0.304347826
0062e000002M7ZwAAK,Lose,0.32173913
0062e000002M8w2AAC,Lose,0.452173913
0062e000002M9hrAAC,Lose,0.252173913
0062e000002M9mXAAS,Lose,0.4
0062e000002M9nzAAC,Lose,0.27826087
0062e000002MAeAAAW,Lose,0.269565217
0062e000002MAeZAAW,Lose,0.252173913
0062e000002MAfDAAW,Lose,0.27826087
0062e000002MAjZAAW,Lose,0.27826087
0062e000002MAk8AAG,Lose,0.269565217
0062e000002MAkhAAG,Lose,0.313043478
0062e000002MBsjAAG,Lose,0.356521739
0062e000002MBthAAG,Lose,0.365217391
0062e000002MBvOAAW,Lose,0.32173913
0062e000002MCgyAAG,Win,0.573913043
0062e000002MCMPAA4,Lose,0.443478261
0062e000002MctyAAC,Lose,0.234782609
0062e000002McxHAAS,Lose,0.286956522
0062e000002Md1dAAC,Lose,0.226086957
0062e000002Md1JAAS,Lose,0.286956522
0062e000002Md2CAAS,Lose,0.486956522
0062e000002MDBwAAO,Lose,0.443478261
0062e000002MDHkAAO,Lose,0.356521739
0062e000002MDvAAAW,Lose,0.304347826
0062e000002ME1PAAW,Lose,0.452173913
0062e000002ME2IAAW,Lose,0.452173913
0062e000002MFDCAA4,Lose,0.382608696
0062e000002MFEKAA4,Lose,0.32173913
0062e000002MFFcAAO,Lose,0.260869565
0062e000002MfgdAAC,Lose,0.269565217
0062e000002MfgEAAS,Lose,0.269565217
0062e000002MgqMAAS,Lose,0.330434783
0062e000002MHfhAAG,Lose,0.260869565
0062e000002MhyEAAS,Win,0.539130435
0062e000002MiDxAAK,Lose,0.243478261
0062e000002MiFNAA0,Lose,0.356521739
0062e000002MiICAA0,Lose,0.243478261
0062e000002MiKmAAK,Lose,0.2
0062e000002MiPDAA0,Lose,0.295652174
0062e000002MiZBAA0,Lose,0.269565217
0062e000002MKsDAAW,Lose,0.347826087
0062e000002MljJAAS,Lose,0.256521739
0062e000002MnJqAAK,Lose,0.226086957
0062e000002MoH0AAK,Lose,0.252173913
0062e000002Mok2AAC,Lose,0.260869565
0062e000002MoUxAAK,Lose,0.217391304
0062e000002MsxOAAS,Lose,0.304347826
0062e000002Mt4ZAAS,Lose,0.32173913
0062e000002MtdIAAS,Lose,0.391304348
0062e000002Mtf4AAC,Lose,0.304347826
0062e000002MtWRAA0,Lose,0.234782609
0062e000002MtXoAAK,Lose,0.417391304
0062e000002MUj1AAG,Lose,0.226086957
0062e000002MvdqAAC,Lose,0.313043478
0062e000002MvfNAAS,Lose,0.252173913
0062e000002MVKXAA4,Lose,0.234782609
0062e000002MVppAAG,Lose,0.4
0062e000002MVrHAAW,Lose,0.295652174
0062e000002MVwbAAG,Lose,0.365217391
0062e000002MW9yAAG,Lose,0.208695652
0062e000002MWe9AAG,Lose,0.243478261
0062e000002MWH9AAO,Lose,0.243478261
0062e000002MwskAAC,Lose,0.452173913
0062e000002MwtOAAS,Lose,0.27826087
0062e000002MwxpAAC,Lose,0.304347826
0062e000002MxLNAA0,Lose,0.469565217
0062e000002MxLXAA0,Lose,0.417391304
0062e000002MxM6AAK,Lose,0.286956522
0062e000002MxnvAAC,Lose,0.208695652
0062e000002MxSTAA0,Lose,0.295652174
0062e000002MYOSAA4,Win,0.565217391
0062e000002MYUpAAO,Lose,0.32173913
0062e000002MYVnAAO,Lose,0.330434783
0062e000002MYYXAA4,Lose,0.32173913
0062e000002MZvxAAG,Win,0.539130435
0062e000002N07oAAC,Lose,0.356521739
0062e000002N0aMAAS,Lose,0.27826087
0062e000002N0VAAA0,Lose,0.234782609
0062e000002N0WNAA0,Lose,0.313043478
0062e000002N1r5AAC,Lose,0.486956522
0062e000002N3e5AAC,Lose,0.330434783
0062e000002N516AAC,Lose,0.339130435
0062e000002N6NrAAK,Lose,0.313043478
0062e000002N6U4AAK,Lose,0.443478261
0062e000002NAvCAAW,Lose,0.252173913
0062e000002NBRQAA4,Lose,0.304347826
0062e000002NBWVAA4,Lose,0.286956522
0062e000002NCl5AAG,Lose,0.104347826
0062e000002NCrhAAG,Lose,0.286956522
0062e000002NDbJAAW,Lose,0.295652174
0062e000002NDkfAAG,Lose,0.391304348
0062e000002NDkzAAG,Lose,0.252173913
0062e000002NG62AAG,Lose,0.295652174
0062e000002NG6MAAW,Lose,0.27826087
0062e000002NGUCAA4,Lose,0.304347826
0062e000002NHFCAA4,Lose,0.286956522
0062e000002NHieAAG,Lose,0.486956522
0062e000002NHIQAA4,Lose,0.356521739
0062e000002NHj3AAG,Lose,0.382608696
0062e000002NHjmAAG,Lose,0.130434783
0062e000002NHl4AAG,Lose,0.217391304
0062e000002NIELAA4,Lose,0.330434783
0062e000002NIG7AAO,Lose,0.365217391
0062e000002NIucAAG,Lose,0.27826087
0062e000002NJCZAA4,Lose,0.460869565
0062e000002NkcYAAS,Lose,0.339130435
0062e000002NkdRAAS,Lose,0.260869565
0062e000002NkfYAAS,Lose,0.27826087
0062e000002NkgHAAS,Lose,0.260869565
0062e000002Nkh5AAC,Lose,0.252173913
0062e000002NkhoAAC,Lose,0.260869565
0062e000002Nki8AAC,Lose,0.27826087
0062e000002NkimAAC,Lose,0.286956522
0062e000002NmB0AAK,Lose,0.304347826
0062e000002NmbOAAS,Lose,0.373913043
0062e000002NmChAAK,Lose,0.217391304
0062e000002NmOTAA0,Lose,0.234782609
0062e000002NmqOAAS,Lose,0.373913043
0062e000002NoUKAA0,Lose,0.365217391
0062e000002NowRAAS,Lose,0.339130435
0062e000002Np5iAAC,Lose,0.295652174
0062e000002NpT1AAK,Lose,0.365217391
0062e000002NpygAAC,Lose,0.330434783
0062e000002NpzAAAS,Lose,0.330434783
0062e000002NRpiAAG,Lose,0.4
0062e000002NS8aAAG,Lose,0.286956522
0062e000002NsbNAAS,Lose,0.452173913
0062e000002NTEqAAO,Lose,0.356521739
0062e000002NTFeAAO,Lose,0.4
0062e000002NTFjAAO,Lose,0.365217391
0062e000002NTNfAAO,Lose,0.356521739
0062e000002NunCAAS,Lose,0.426086957
0062e000002NuwxAAC,Lose,0.365217391
0062e000002NxefAAC,Lose,0.313043478
0062e000002NYbPAAW,Lose,0.295652174
0062e000002NYbtAAG,Lose,0.313043478
0062e000002NYd6AAG,Lose,0.226086957
0062e000002NYesAAG,Lose,0.260869565
0062e000002NYiGAAW,Lose,0.356521739
0062e000002NYnkAAG,Win,0.504347826
0062e000002NYSXAA4,Lose,0.295652174
0062e000002NYszAAG,Lose,0.313043478
0062e000002NYTaAAO,Lose,0.339130435
0062e000002NyWVAA0,Lose,0.4
0062e000002NYXXAA4,Win,0.513043478
0062e000002NzefAAC,Lose,0.330434783
0062e000002NzsGAAS,Lose,0.252173913
0062e000002O2DQAA0,Lose,0.391304348
0062e000002O2foAAC,Lose,0.226086957
0062e000002O2G0AAK,Lose,0.391304348
0062e000002O2HcAAK,Lose,0.391304348
0062e000002O2KbAAK,Lose,0.269565217
0062e000002O2LtAAK,Lose,0.373913043
0062e000002O2MmAAK,Lose,0.313043478
0062e000002O6iyAAC,Lose,0.313043478
0062e000002O6jrAAC,Lose,0.339130435
0062e000002OAqjAAG,Lose,0.32173913
0062e000002OArmAAG,Lose,0.313043478
0062e000002OAtnAAG,Lose,0.365217391
0062e000002OAtTAAW,Lose,0.347826087
0062e000002OD3gAAG,Lose,0.252173913
0062e000002ODpMAAW,Lose,0.313043478
0062e000002OE5eAAG,Lose,0.269565217
0062e000002OEW1AAO,Lose,0.356521739
0062e000002OF9GAAW,Lose,0.347826087
0062e000002OFCyAAO,Lose,0.243478261
0062e000002OFF4AAO,Lose,0.260869565
0062e000002OFLbAAO,Lose,0.295652174
0062e000002OFN3AAO,Lose,0.339130435
0062e000002OfS5AAK,Lose,0.313043478
0062e000002OGK1AAO,Lose,0.417391304
0062e000002OGOcAAO,Lose,0.382608696
0062e000002OJxpAAG,Lose,0.295652174
0062e000002On22AAC,Lose,0.260869565
0062e000002OqmZAAS,Lose,0.32173913
0062e000002OqvlAAC,Lose,0.339130435
0062e000002OqwFAAS,Lose,0.243478261
0062e000002OxGnAAK,Lose,0.27826087
0062e000002OxH2AAK,Lose,0.208695652
0062e000002OyhAAAS,Lose,0.460869565
0062e000002OyjjAAC,Lose,0.460869565
0062e000002OyzzAAC,Lose,0.365217391
0062e000002OzAdAAK,Win,0.52173913
0062e000002OzrYAAS,Lose,0.347826087
0062e000002P1sbAAC,Lose,0.295652174
0062e000002P362AAC,Lose,0.069565217
0062e000002P39GAAS,Lose,0.008695652
0062e000002P3BgAAK,Lose,0.408695652
0062e000002P4JqAAK,Lose,0.226086957
0062e000002P4LSAA0,Lose,0.313043478
0062e000002P4tJAAS,Lose,0.269565217
0062e000002P5fMAAS,Lose,0.347826087
0062e000002P5NrAAK,Lose,0.347826087
0062e000002P5NSAA0,Lose,0.391304348
0062e000002P5O1AAK,Lose,0.347826087
0062e000002P7BKAA0,Lose,0.27826087
0062e000002PBcjAAG,Lose,0.391304348
0062e000002PDKLAA4,Lose,0.347826087
0062e000002PDz5AAG,Lose,0.313043478
0062e000002PE1pAAG,Lose,0.304347826
0062e000002PETtAAO,Lose,0.313043478
0062e000002PEutAAG,Lose,0.460869565
0062e000002PFwFAAW,Lose,0.27826087
0062e000002PFwyAAG,Lose,0.443478261
0062e000002PFx9AAG,Lose,0.434782609
0062e000002PFxDAAW,Lose,0.339130435
0062e000002PFxNAAW,Lose,0.347826087
0062e000002PFxrAAG,Lose,0.452173913
0062e000002PFxSAAW,Lose,0.365217391
0062e000002PFxwAAG,Lose,0.373913043
0062e000002PFy1AAG,Lose,0.434782609
0062e000002PIJVAA4,Lose,0.330434783
0062e000002PKjVAAW,Lose,0.27826087
0062e000002PKl2AAG,Lose,0.27826087
0062e000002PLPeAAO,Lose,0.373913043
0062e000002PMeyAAG,Lose,0.269565217
0062e000002PMgpAAG,Lose,0.4
0062e000002PMhYAAW,Win,0.504347826
0062e000002PMi7AAG,Win,0.556521739
0062e000002PMjoAAG,Lose,0.434782609
0062e000002PMkDAAW,Lose,0.434782609
0062e000002PMkIAAW,Lose,0.426086957
0062e000002PNoJAAW,Win,0.539130435
0062e000002PNyNAAW,Lose,0.434782609
0062e000002PO8JAAW,Lose,0.443478261
0062e000002PODpAAO,Lose,0.469565217
0062e000002POj4AAG,Lose,0.469565217
0062e000002POWjAAO,Lose,0.47826087
0062e000002POzPAAW,Lose,0.495652174
0062e000002PPBQAA4,Lose,0.452173913
0062e000002PpnoAAC,Lose,0.339130435
0062e000002PpzjAAC,Lose,0.313043478
0062e000002Pq0mAAC,Lose,0.313043478
0062e000002PqKsAAK,Lose,0.243478261
0062e000002PV59AAG,Lose,0.347826087
0062e000002PVPlAAO,Lose,0.460869565
0062e000002PVWwAAO,Lose,0.347826087
0062e000002PWruAAG,Lose,0.269565217
0062e000002PXkiAAG,Lose,0.417391304
0062e000002PYTQAA4,Lose,0.434782609
0062e000002PZ95AAG,Lose,0.286956522
0062e000002QarQAAS,Lose,0.365217391
0062e000002QbEQAA0,Lose,0.460869565
0062e000002QbERAA0,Lose,0.313043478
0062e000002QexRAAS,Lose,0.286956522
0062e000002QhPDAA0,Lose,0.304347826
0062e000002QjgpAAC,Lose,0.347826087
0062e000002Qjm4AAC,Lose,0.365217391
0062e000002QkcUAAS,Lose,0.408695652
0062e000002QkFhAAK,Lose,0.373913043
0062e000002QkHdAAK,Lose,0.443478261
0062e000002QkVaAAK,Lose,0.382608696
0062e000002QkwBAAS,Lose,0.286956522
0062e000002QlcVAAS,Lose,0.408695652
0062e000002Qpc1AAC,Lose,0.330434783
0062e000002QpcLAAS,Lose,0.234782609
0062e000002QpeMAAS,Lose,0.373913043
0062e000002QrgIAAS,Lose,0.434782609
0062e000002QrH6AAK,Lose,0.182608696
0062e000002QrXTAA0,Lose,0.469565217
0062e000002QsW9AAK,Lose,0.373913043
0062e000002QtOaAAK,Lose,0.382608696
0062e000002QtQlAAK,Lose,0.286956522
0062e000002QuebAAC,Lose,0.269565217
0062e000002QuQaAAK,Lose,0.391304348
0062e000002Qv3JAAS,Lose,0.313043478
0062e000002QyyeAAC,Lose,0.356521739
0062e000002QzijAAC,Lose,0.295652174
0062e000002QzLzAAK,Lose,0.32173913
0062e000002QzxGAAS,Lose,0.426086957
0062e000002R2UVAA0,Lose,0.391304348
0062e000002R3DGAA0,Lose,0.452173913
0062e000002R4AhAAK,Lose,0.269565217
0062e000002R4BaAAK,Lose,0.339130435
0062e000002R4iqAAC,Lose,0.469565217
0062e000002R4ivAAC,Lose,0.347826087
0062e000002R4jkAAC,Lose,0.356521739
0062e000002R4jpAAC,Lose,0.495652174
0062e000002R4juAAC,Lose,0.382608696
0062e000002R4jVAAS,Lose,0.443478261
0062e000002R4jzAAC,Lose,0.408695652
0062e000002R4k4AAC,Lose,0.469565217
0062e000002R4KcAAK,Lose,0.269565217
0062e000002R4kEAAS,Lose,0.4
0062e000002R4kiAAC,Lose,0.434782609
0062e000002R4knAAC,Lose,0.408695652
0062e000002R4kOAAS,Lose,0.434782609
0062e000002R4ksAAC,Lose,0.347826087
0062e000002R4kxAAC,Lose,0.443478261
0062e000002R4l2AAC,Lose,0.408695652
0062e000002R4ltAAC,Lose,0.347826087
0062e000002R4mNAAS,Lose,0.460869565
0062e000002R4mXAAS,Lose,0.460869565
0062e000002R4o9AAC,Lose,0.452173913
0062e000002R4odAAC,Lose,0.434782609
0062e000002R4onAAC,Lose,0.4
0062e000002R4oxAAC,Lose,0.373913043
0062e000002R4p2AAC,Lose,0.408695652
0062e000002R4YuAAK,Lose,0.260869565
0062e000002R5nGAAS,Lose,0.452173913
0062e000002R6boAAC,Lose,0.269565217
0062e000002R6cmAAC,Lose,0.269565217
0062e000002R6g8AAC,Lose,0.32173913
0062e000002R6gcAAC,Lose,0.304347826
0062e000002R6J8AAK,Lose,0.373913043
0062e000002R6rGAAS,Lose,0.260869565
0062e000002R6SVAA0,Lose,0.304347826
0062e000002R6xNAAS,Lose,0.365217391
0062e000002R77cAAC,Win,0.539130435
0062e000002R7GHAA0,Lose,0.2
0062e000002R7khAAC,Lose,0.47826087
0062e000002R8KdAAK,Lose,0.373913043
0062e000002RdxqAAC,Lose,0.382608696
0062e000002Rdz3AAC,Lose,0.217391304
0062e000002RE0FAAW,Lose,0.47826087
0062e000002ReGoAAK,Lose,0.356521739
0062e000002RF41AAG,Lose,0.27826087
0062e000002RFaiAAG,Lose,0.269565217
0062e000002RGeTAAW,Lose,0.382608696
0062e000002RGGXAA4,Lose,0.347826087
0062e000002RgRoAAK,Lose,0.286956522
0062e000002RHdIAAW,Lose,0.339130435
0062e000002RHdSAAW,Lose,0.356521739
0062e000002RHjkAAG,Lose,0.460869565
0062e000002RHvHAAW,Lose,0.295652174
0062e000002RHxBAAW,Lose,0.313043478
0062e000002RI95AAG,Lose,0.391304348
0062e000002RJ0pAAG,Lose,0.339130435
0062e000002RJ14AAG,Lose,0.382608696
0062e000002RJ2SAAW,Lose,0.356521739
0062e000002RJ5PAAW,Lose,0.391304348
0062e000002RJ5tAAG,Lose,0.417391304
0062e000002RJ6SAAW,Lose,0.339130435
0062e000002RJ7uAAG,Lose,0.373913043
0062e000002RJcxAAG,Lose,0.330434783
0062e000002RjMWAA0,Lose,0.382608696
0062e000002Rk5DAAS,Lose,0.460869565
0062e000002RKIcAAO,Lose,0.27826087
0062e000002Rlg1AAC,Lose,0.434782609
0062e000002RlgGAAS,Lose,0.434782609
0062e000002RlgkAAC,Lose,0.426086957
0062e000002RlgLAAS,Lose,0.426086957
0062e000002RLzZAAW,Lose,0.356521739
0062e000002RNFQAA4,Lose,0.269565217
0062e000002RobKAAS,Lose,0.347826087
0062e000002RoHyAAK,Win,0.617391304
0062e000002ROZ1AAO,Lose,0.260869565
0062e000002RoZOAA0,Lose,0.373913043
0062e000002RPEtAAO,Lose,0.382608696
0062e000002RPsBAAW,Lose,0.27826087
0062e000002RSOVAA4,Lose,0.495652174
0062e000002RTcUAAW,Lose,0.443478261
0062e000002RTMbAAO,Lose,0.434782609
0062e000002RTU6AAO,Lose,0.260869565
0062e000002RTUuAAO,Lose,0.347826087
0062e000002RTX5AAO,Lose,0.32173913
0062e000002RU2rAAG,Lose,0.295652174
0062e000002RUFgAAO,Lose,0.27826087
0062e000002RUNkAAO,Lose,0.32173913
0062e000002RUOiAAO,Lose,0.295652174
0062e000002RUPMAA4,Lose,0.382608696
0062e000002RVAqAAO,Lose,0.269565217
0062e000002RVqGAAW,Win,0.556521739
0062e000002RWbyAAG,Lose,0.469565217
0062e000002RWk2AAG,Lose,0.302608696
0062e000002RWljAAG,Lose,0.32173913
0062e000002Rx5UAAS,Lose,0.382608696
0062e000002RxzzAAC,Lose,0.408695652
0062e000002RyRlAAK,Lose,0.243478261
0062e000002S0rsAAC,Lose,0.469565217
0062e000002S0sMAAS,Lose,0.373913043
0062e000002S2AaAAK,Lose,0.252173913
0062e000002S33LAAS,Lose,0.426086957
0062e000002S3qRAAS,Lose,0.286956522
0062e000002S3yKAAS,Lose,0.339130435
0062e000002S4LwAAK,Lose,0.27826087
0062e000002S4NdAAK,Lose,0.47826087
0062e000002S4OMAA0,Lose,0.47826087
0062e000002S5PsAAK,Lose,0.304347826
0062e000002S7gYAAS,Lose,0.304347826
0062e000002SBhqAAG,Lose,0.339130435
0062e000002SBnmAAG,Lose,0.32173913
0062e000002SCVZAA4,Lose,0.365217391
0062e000002Sd9BAAS,Lose,0.391304348
0062e000002Sd9VAAS,Lose,0.356521739
0062e000002SdATAA0,Lose,0.391304348
0062e000002SdavAAC,Lose,0.27826087
0062e000002SDGvAAO,Lose,0.313043478
0062e000002SE6hAAG,Lose,0.426086957
0062e000002Se6HAAS,Lose,0.330434783
0062e000002SeCUAA0,Lose,0.304347826
0062e000002Sf8DAAS,Lose,0.391304348
0062e000002SfZUAA0,Lose,0.408695652
0062e000002SgieAAC,Lose,0.365217391
0062e000002SgioAAC,Lose,0.382608696
0062e000002SHbdAAG,Lose,0.32173913
0062e000002SHeNAAW,Lose,0.2
0062e000002SHhxAAG,Lose,0.373913043
0062e000002SiBuAAK,Lose,0.347826087
0062e000002SIbVAAW,Lose,0.304347826
0062e000002SICRAA4,Lose,0.356521739
0062e000002SICrAAO,Lose,0.347826087
0062e000002SICvAAO,Lose,0.356521739
0062e000002SIeBAAW,Lose,0.32173913
0062e000002SIFLAA4,Lose,0.452173913
0062e000002SIHuAAO,Lose,0.347826087
0062e000002SII4AAO,Lose,0.373913043
0062e000002SIIYAA4,Lose,0.4
0062e000002SIJRAA4,Lose,0.339130435
0062e000002SIKKAA4,Lose,0.347826087
0062e000002SIPAAA4,Lose,0.330434783
0062e000002SIQNAA4,Lose,0.27826087
0062e000002SiupAAC,Lose,0.347826087
0062e000002SIVXAA4,Lose,0.347826087
0062e000002SIY7AAO,Lose,0.365217391
0062e000002SIYDAA4,Lose,0.356521739
0062e000002SIYWAA4,Lose,0.347826087
0062e000002SjIBAA0,Lose,0.4
0062e000002SjyCAAS,Lose,0.32173913
0062e000002SjzeAAC,Lose,0.356521739
0062e000002Sk4xAAC,Lose,0.4
0062e000002Sk5qAAC,Lose,0.347826087
0062e000002Ska9AAC,Lose,0.347826087
0062e000002SKElAAO,Lose,0.426086957
0062e000002SKooAAG,Lose,0.408695652
0062e000002SKp3AAG,Lose,0.434782609
0062e000002SKp8AAG,Lose,0.391304348
0062e000002SLWXAA4,Lose,0.356521739
0062e000002SmRpAAK,Lose,0.373913043
0062e000002SMYUAA4,Lose,0.356521739
0062e000002SNeGAAW,Lose,0.234782609
0062e000002SNI5AAO,Lose,0.486956522
0062e000002SnkgAAC,Lose,0.32173913
0062e000002SnmwAAC,Lose,0.313043478
0062e000002Sno9AAC,Lose,0.365217391
0062e000002Snq5AAC,Lose,0.408695652
0062e000002SntEAAS,Win,0.565217391
0062e000002SnuqAAC,Lose,0.469565217
0062e000002SNY3AAO,Lose,0.243478261
0062e000002SpoyAAC,Lose,0.4
0062e000002Sq30AAC,Lose,0.234782609
0062e000002SRcNAAW,Lose,0.452173913
0062e000002SRedAAG,Win,0.582608696
0062e000002SRFdAAO,Win,0.504347826
0062e000002SRkCAAW,Lose,0.260869565
0062e000002SRlFAAW,Lose,0.295652174
0062e000002SRmSAAW,Lose,0.295652174
0062e000002SRnGAAW,Lose,0.234782609
0062e000002SRQHAA4,Lose,0.443478261
0062e000002SRrFAAW,Lose,0.286956522
0062e000002SsgBAAS,Lose,0.295652174
0062e000002SsgVAAS,Lose,0.408695652
0062e000002SshYAAS,Lose,0.313043478
0062e000002SSigAAG,Lose,0.217391304
0062e000002SsiRAAS,Lose,0.32173913
0062e000002SSKOAA4,Lose,0.339130435
0062e000002SSNrAAO,Lose,0.32173913
0062e000002SsoyAAC,Lose,0.130434783
0062e000002STK8AAO,Lose,0.32173913
0062e000002StzOAAS,Lose,0.408695652
0062e000002SUnnAAG,Lose,0.391304348
0062e000002SUu5AAG,Lose,0.304347826
0062e000002SUvDAAW,Lose,0.234782609
0062e000002SUvrAAG,Lose,0.286956522
0062e000002SV1OAAW,Lose,0.469565217
0062e000002SVDBAA4,Lose,0.27826087
0062e000002SVDsAAO,Lose,0.356521739
0062e000002SVJNAA4,Lose,0.260869565
0062e000002SVOvAAO,Lose,0.339130435
0062e000002SvwXAAS,Lose,0.27826087
0062e000002SvxfAAC,Lose,0.382608696
0062e000002SvxLAAS,Win,0.504347826
0062e000002Svy9AAC,Lose,0.452173913
0062e000002SVylAAG,Lose,0.269565217
0062e000002SX0qAAG,Win,0.556521739
0062e000002Sx23AAC,Lose,0.252173913
0062e000002Sx5MAAS,Lose,0.382608696
0062e000002SybDAAS,Lose,0.260869565
0062e000002SyBkAAK,Lose,0.486956522
0062e000002SyczAAC,Win,0.652173913
0062e000002SyE5AAK,Lose,0.260869565
0062e000002SyKKAA0,Lose,0.356521739
0062e000002SySDAA0,Lose,0.226086957
0062e000002SystAAC,Lose,0.347826087
0062e000002SyWcAAK,Lose,0.304347826
0062e000002SyZCAA0,Lose,0.339130435
0062e000002SyZWAA0,Lose,0.347826087
0062e000002SzC5AAK,Lose,0.27826087
0062e000002SzHyAAK,Lose,0.295652174
0062e000002SzJQAA0,Lose,0.313043478
0062e000002T6VHAA0,Lose,0.356521739
0062e000002TAMnAAO,Lose,0.47826087
0062e000002TAN2AAO,Lose,0.47826087
0062e000002TbRMAA0,Lose,0.391304348
0062e000002TcMVAA0,Lose,0.4
0062e000002TeaMAAS,Lose,0.347826087
0062e000002TebZAAS,Lose,0.4
0062e000002TeetAAC,Lose,0.208695652
0062e000002TffWAAS,Lose,0.415652174
0062e000002TgLiAAK,Lose,0.382608696
0062e000002TJtjAAG,Lose,0.365217391
0062e000002TMOWAA4,Lose,0.243478261
0062e000002TNVGAA4,Lose,0.408695652
0062e000002TOslAAG,Lose,0.313043478
0062e000002TpIaAAK,Lose,0.304347826
0062e000002TqbNAAS,Lose,0.365217391
0062e000002TqTiAAK,Lose,0.452173913
0062e000002TqxUAAS,Lose,0.391304348
0062e000002TQZEAA4,Lose,0.347826087
0062e000002TqzQAAS,Lose,0.27826087
0062e000002TrPRAA0,Lose,0.391304348
0062e000002TrSaAAK,Lose,0.260869565
0062e000002TujOAAS,Lose,0.12173913
0062e000002Tws7AAC,Lose,0.47826087
0062e000002TwslAAC,Lose,0.486956522
0062e000002TwtUAAS,Lose,0.47826087
0062e000002TwxvAAC,Lose,0.495652174
0062e000002TXaQAAW,Lose,0.260869565
0062e000002TXbdAAG,Lose,0.391304348
0062e000002TxBtAAK,Lose,0.47826087
0062e000002TXcWAAW,Lose,0.4
0062e000002TXewAAG,Lose,0.426086957
0062e000002TXfGAAW,Lose,0.408695652
0062e000002TXg4AAG,Lose,0.365217391
0062e000002TzenAAC,Lose,0.304347826
0062e000002TzimAAC,Lose,0.252173913
0062e000002U242AAC,Lose,0.408695652
0062e000002U2XNAA0,Lose,0.330434783
0062e000002U4QnAAK,Lose,0.27826087
0062e000002U5KRAA0,Lose,0.304347826
0062e000002U63oAAC,Lose,0.347826087
0062e000002U7D4AAK,Lose,0.347826087
0062e000002U9FtAAK,Lose,0.286956522
0062e000002UBJnAAO,Lose,0.330434783
0062e000002UC2bAAG,Lose,0.234782609
0062e000002UcdOAAS,Lose,0.286956522
0062e000002UcF7AAK,Lose,0.373913043
0062e000002UeOaAAK,Lose,0.313043478
0062e000002UerEAAS,Lose,0.347826087
0062e000002UEtlAAG,Lose,0.365217391
0062e000002UfeHAAS,Lose,0.426086957
0062e000002UfeWAAS,Lose,0.373913043
0062e000002Uff0AAC,Lose,0.313043478
0062e000002UffFAAS,Lose,0.486956522
0062e000002UfgIAAS,Lose,0.426086957
0062e000002UfgSAAS,Lose,0.434782609
0062e000002Ufh6AAC,Lose,0.434782609
0062e000002UfhGAAS,Lose,0.391304348
0062e000002UGQTAA4,Lose,0.295652174
0062e000002Uh9pAAC,Win,0.52173913
0062e000002UhAxAAK,Lose,0.347826087
0062e000002UJ01AAG,Lose,0.417391304
0062e000002UjpPAAS,Lose,0.252173913
0062e000002Ujv3AAC,Lose,0.234782609
0062e000002UjxiAAC,Lose,0.234782609
0062e000002UjyMAAS,Lose,0.426086957
0062e000002UkvAAAS,Lose,0.339130435
0062e000002UkYCAA0,Lose,0.286956522
0062e000002UlFhAAK,Lose,0.460869565
0062e000002UlGpAAK,Win,0.547826087
0062e000002UlP5AAK,Lose,0.382608696
0062e000002UnlqAAC,Lose,0.373913043
0062e000002UnOIAA0,Lose,0.252173913
0062e000002UnsSAAS,Lose,0.452173913
0062e000002UnvHAAS,Lose,0.469565217
0062e000002UoRDAA0,Lose,0.260869565
0062e000002UoyFAAS,Lose,0.356521739
0062e000002Us21AAC,Lose,0.269565217
0062e000002UvJBAA0,Lose,0.295652174
0062e000002UvpMAAS,Lose,0.27826087
0062e000002UyJZAA0,Lose,0.234782609
0062e000002UyNWAA0,Lose,0.391304348
0062e000002UzwxAAC,Lose,0.32173913
0062e000002UzZFAA0,Lose,0.365217391
0062e000002V0xXAAS,Lose,0.408695652
0062e000002V0yfAAC,Lose,0.382608696
0062e000002V11PAAS,Lose,0.382608696
0062e000002V149AAC,Lose,0.382608696
0062e000002V18HAAS,Lose,0.4
0062e000002V18uAAC,Lose,0.4
0062e000002V19YAAS,Lose,0.408695652
0062e000002V1AgAAK,Lose,0.4
0062e000002V1BoAAK,Lose,0.4
0062e000002V1ChAAK,Lose,0.382608696
0062e000002V2oKAAS,Lose,0.252173913
0062e000002V2pDAAS,Lose,0.165217391
0062e000002V6KaAAK,Lose,0.269565217
0062e000002V8ASAA0,Lose,0.269565217
0062e000002V8KSAA0,Lose,0.347826087
0062e000002V8OZAA0,Lose,0.47826087
0062e000002V8wBAAS,Lose,0.286956522
0062e000002VBMZAA4,Lose,0.469565217
0062e000002VDMtAAO,Lose,0.347826087
0062e000002VEJSAA4,Lose,0.365217391
0062e000002VFD8AAO,Win,0.652173913
0062e000002VgADAA0,Lose,0.460869565
0062e000002VH2MAAW,Lose,0.113043478
0062e000002VKDnAAO,Lose,0.330434783
0062e000002VKEvAAO,Win,0.565217391
0062e000002VKv7AAG,Lose,0.382608696
0062e000002VKVHAA4,Lose,0.452173913
0062e000002Vl1eAAC,Lose,0.356521739
0062e000002VluCAAS,Lose,0.356521739
0062e000002VmaZAAS,Win,0.539130435
0062e000002VN7UAAW,Lose,0.339130435
0062e000002VnM0AAK,Lose,0.4
0062e000002VNVIAA4,Lose,0.373913043
0062e000002VNZeAAO,Win,0.539130435
0062e000002VpbcAAC,Lose,0.452173913
0062e000002VpcfAAC,Win,0.504347826
0062e000002VpdcAAC,Lose,0.434782609
0062e000002VpdrAAC,Win,0.504347826
0062e000002VpepAAC,Lose,0.426086957
0062e000002Vpf4AAC,Lose,0.426086957
0062e000002VpGbAAK,Lose,0.365217391
0062e000002VpggAAC,Lose,0.452173913
0062e000002VpgvAAC,Lose,0.486956522
0062e000002VpHKAA0,Lose,0.452173913
0062e000002Vr1gAAC,Lose,0.339130435
0062e000002VrHUAA0,Lose,0.313043478
0062e000002VRqrAAG,Lose,0.365217391
0062e000002VrWUAA0,Win,0.565217391
0062e000002VS3lAAG,Lose,0.391304348
0062e000002VS8vAAG,Lose,0.239130435
0062e000002VSebAAG,Lose,0.426086957
0062e000002VTcmAAG,Lose,0.347826087
0062e000002VWClAAO,Lose,0.408695652
0062e000002VyjMAAS,Lose,0.295652174
0062e000002Vz1vAAC,Lose,0.347826087
0062e000002Vz5GAAS,Lose,0.408695652
0062e000002VzRNAA0,Lose,0.426086957
0062e000002W8DYAA0,Lose,0.330434783
0062e000002W8FyAAK,Lose,0.295652174
0062e000002W8MJAA0,Lose,0.365217391
0062e000002W8XkAAK,Lose,0.313043478
0062e000002W9qLAAS,Win,0.504347826
0062e000002W9tPAAS,Lose,0.460869565
0062e000002WAa5AAG,Lose,0.356521739
0062e000002WAayAAG,Lose,0.47826087
0062e000002WAaZAAW,Lose,0.4
0062e000002WAbmAAG,Lose,0.373913043
0062e000002WAcKAAW,Lose,0.356521739
0062e000002WAk9AAG,Lose,0.356521739
0062e000002WAlHAAW,Lose,0.365217391
0062e000002WAn3AAG,Lose,0.330434783
0062e000002WAQPAA4,Lose,0.373913043
0062e000002WARDAA4,Lose,0.365217391
0062e000002WAt0AAG,Lose,0.373913043
0062e000002WAVeAAO,Lose,0.365217391
0062e000002WAYTAA4,Lose,0.295652174
0062e000002WBBpAAO,Win,0.530434783
0062e000002WBDVAA4,Lose,0.32173913
0062e000002WBNEAA4,Lose,0.426086957
0062e000002WCMjAAO,Lose,0.434782609
0062e000002Wd2WAAS,Lose,0.330434783
0062e000002WDlrAAG,Lose,0.4
0062e000002WDzVAAW,Lose,0.295652174
0062e000002WEArAAO,Lose,0.339130435
0062e000002WepvAAC,Lose,0.243478261
0062e000002WGs8AAG,Lose,0.365217391
0062e000002WGshAAG,Lose,0.356521739
0062e000002WGtGAAW,Lose,0.356521739
0062e000002WGtuAAG,Lose,0.356521739
0062e000002WGu9AAG,Lose,0.373913043
0062e000002WLJ2AAO,Lose,0.486956522
0062e000002WLJbAAO,Lose,0.347826087
0062e000002WLqCAAW,Lose,0.382608696
0062e000002WMLPAA4,Lose,0.365217391
0062e000002WMVZAA4,Lose,0.269565217
0062e000002WMWNAA4,Lose,0.295652174
0062e000002WOtGAAW,Lose,0.330434783
0062e000002WOxQAAW,Lose,0.382608696
0062e000002WSsIAAW,Lose,0.391304348
0062e000002WtTEAA0,Lose,0.347826087
0062e000002Wv4rAAC,Lose,0.269565217
0062e000002WXH6AAO,Lose,0.356521739
0062e000002WzJjAAK,Lose,0.356521739
0062e000002Xa2YAAS,Lose,0.086956522
0062e000002XaECAA0,Lose,0.339130435
0062e000002XAg0AAG,Lose,0.269565217
0062e000002XB8MAAW,Lose,0.269565217
0062e000002XBkqAAG,Lose,0.252173913
0062e000002XBlZAAW,Lose,0.252173913
0062e000002XBmwAAG,Lose,0.252173913
0062e000002XBZ8AAO,Lose,0.234782609
0062e000002XC4CAAW,Lose,0.365217391
0062e000002XjdaAAC,Lose,0.295652174
0062e000002XJErAAO,Lose,0.391304348
0062e000002XJfEAAW,Lose,0.295652174
0062e000002XK7AAAW,Lose,0.260869565
0062e000002XKsgAAG,Lose,0.113043478
0062e000002XMIlAAO,Lose,0.469565217
0062e000002XMK3AAO,Lose,0.443478261
0062e000002XmkoAAC,Lose,0.295652174
0062e000002XmpeAAC,Lose,0.304347826
0062e000002XmtyAAC,Lose,0.27826087
0062e000002XNARAA4,Win,0.539130435
0062e000002XnPyAAK,Lose,0.27826087
0062e000002XNuKAAW,Lose,0.286956522
0062e000002XOchAAG,Lose,0.286956522
0062e000002XODHAA4,Lose,0.469565217
0062e000002XOeJAAW,Lose,0.339130435
0062e000002XOFrAAO,Lose,0.373913043
0062e000002XOfRAAW,Lose,0.32173913
0062e000002XOgeAAG,Lose,0.339130435
0062e000002Xp1UAAS,Lose,0.286956522
0062e000002XPIjAAO,Lose,0.234782609
0062e000002XpjbAAC,Lose,0.295652174
0062e000002XPniAAG,Lose,0.347826087
0062e000002XPPHAA4,Lose,0.382608696
0062e000002XPW3AAO,Lose,0.347826087
0062e000002XQ9cAAG,Lose,0.365217391
0062e000002XQl4AAG,Win,0.513043478
0062e000002XQmRAAW,Lose,0.260869565
0062e000002XTdxAAG,Lose,0.365217391
0062e000002XtgVAAS,Lose,0.252173913
0062e000002XtigAAC,Lose,0.313043478
0062e000002XtzmAAC,Lose,0.408695652
0062e000002Xua0AAC,Lose,0.452173913
0062e000002XubHAAS,Lose,0.391304348
0062e000002XucKAAS,Lose,0.452173913
0062e000002XufdAAC,Lose,0.226086957
0062e000002XUjmAAG,Lose,0.27826087
0062e000002XuWyAAK,Lose,0.373913043
0062e000002XVVlAAO,Lose,0.304347826
0062e000002XwseAAC,Lose,0.286956522
0062e000002Xy1PAAS,Lose,0.408695652
0062e000002XYaXAAW,Lose,0.304347826
0062e000002XygZAAS,Lose,0.373913043
0062e000002XYLwAAO,Lose,0.252173913
0062e000002XYM8AAO,Lose,0.243478261
0062e000002XYNdAAO,Lose,0.269565217
0062e000002XYtoAAG,Lose,0.043478261
0062e000002XZ0VAAW,Lose,0.226086957
0062e000002XzeSAAS,Lose,0.313043478
0062e000002XZt5AAG,Lose,0.330434783
0062e000002XZuIAAW,Lose,0.234782609
0062e000002Y0cqAAC,Win,0.539130435
0062e000002Y1QJAA0,Lose,0.347826087
0062e000002Y1UuAAK,Lose,0.330434783
0062e000002Y3XgAAK,Lose,0.47826087
0062e000002YCOOAA4,Lose,0.27826087
0062e000002YD6pAAG,Lose,0.208695652
0062e000002YDeiAAG,Lose,0.339130435
0062e000002YDk7AAG,Lose,0.286956522
0062e000002YDxYAAW,Lose,0.486956522
0062e000002YE2DAAW,Win,0.504347826
0062e000002YF3lAAG,Lose,0.330434783
0062e000002YhdGAAS,Lose,0.217391304
0062e000002YhU8AAK,Lose,0.252173913
0062e000002YIj7AAG,Lose,0.469565217
0062e000002YIrQAAW,Lose,0.434782609
0062e000002YIw9AAG,Lose,0.382608696
0062e000002YIwJAAW,Lose,0.373913043
0062e000002YJ0aAAG,Lose,0.382608696
0062e000002YJ1sAAG,Lose,0.373913043
0062e000002YJ22AAG,Lose,0.382608696
0062e000002YJ2vAAG,Lose,0.373913043
0062e000002YJ30AAG,Lose,0.373913043
0062e000002YjiJAAS,Lose,0.060869565
0062e000002YJnqAAG,Lose,0.252173913
0062e000002YjRGAA0,Lose,0.260869565
0062e000002YKGJAA4,Win,0.530434783
0062e000002YKpTAAW,Lose,0.460869565
0062e000002YMbuAAG,Lose,0.208695652
0062e000002YMcNAAW,Lose,0.313043478
0062e000002YmrjAAC,Lose,0.27826087
0062e000002YmuEAAS,Lose,0.243478261
0062e000002YmvHAAS,Lose,0.269565217
0062e000002YmWHAA0,Lose,0.304347826
0062e000002YnPVAA0,Lose,0.234782609
0062e000002YOx4AAG,Lose,0.356521739
0062e000002YoXsAAK,Lose,0.243478261
0062e000002YoYlAAK,Lose,0.339130435
0062e000002YP0hAAG,Lose,0.304347826
0062e000002YPEoAAO,Lose,0.391304348
0062e000002Ypf3AAC,Lose,0.286956522
0062e000002YrLwAAK,Lose,0.339130435
0062e000002YrlxAAC,Lose,0.347826087
0062e000002YrxDAAS,Lose,0.252173913
0062e000002YrYtAAK,Lose,0.469565217
0062e000002YrYuAAK,Lose,0.313043478
0062e000002YT5cAAG,Lose,0.469565217
0062e000002YUDdAAO,Lose,0.12173913
0062e000002YUE2AAO,Lose,0.243478261
0062e000002YVGDAA4,Lose,0.304347826
0062e000002YVGXAA4,Lose,0.330434783
0062e000002YVHkAAO,Lose,0.424347826
0062e000002YVJlAAO,Lose,0.380869565
0062e000002YVKoAAO,Lose,0.295652174
0062e000002YVOqAAO,Lose,0.391304348
0062e000002YVPyAAO,Lose,0.32173913
0062e000002YWhdAAG,Lose,0.339130435
0062e000002YWQIAA4,Lose,0.460869565
0062e000002YWR1AAO,Lose,0.452173913
0062e000002YXK0AAO,Lose,0.373913043
0062e000002Yxw4AAC,Lose,0.252173913
0062e000002YycaAAC,Lose,0.313043478
0062e000002YyczAAC,Lose,0.313043478
0062e000002YydOAAS,Lose,0.304347826
0062e000002YyUWAA0,Lose,0.234782609
0062e000002YyV5AAK,Lose,0.295652174
0062e000002YyVjAAK,Lose,0.295652174
0062e000002YyVyAAK,Lose,0.295652174
0062e000002YyWXAA0,Lose,0.295652174
0062e000002YyWYAA0,Lose,0.313043478
0062e000002YyXfAAK,Lose,0.295652174
0062e000002YyXGAA0,Lose,0.304347826
0062e000002YyXpAAK,Lose,0.304347826
0062e000002YzRbAAK,Lose,0.347826087
0062e000002YzRRAA0,Lose,0.269565217
0062e000002YzWHAA0,Lose,0.356521739
0062e000002Z1IgAAK,Lose,0.391304348
0062e000002Z2hMAAS,Lose,0.382608696
0062e000002Z2Y5AAK,Lose,0.226086957
0062e000002Z3DzAAK,Lose,0.391304348
0062e000002Z3EOAA0,Lose,0.304347826
0062e000002Z3HmAAK,Lose,0.365217391
0062e000002Z3ZMAA0,Lose,0.260869565
0062e000002Z3ZuAAK,Lose,0.295652174
0062e000002Z5cHAAS,Lose,0.347826087
0062e000002Z8MmAAK,Lose,0.27826087
0062e000002Z8NGAA0,Lose,0.313043478
0062e000002ZaeyAAC,Lose,0.373913043
0062e000002ZBDtAAO,Lose,0.304347826
0062e000002ZbHnAAK,Win,0.547826087
0062e000002ZBJ0AAO,Lose,0.408695652
0062e000002ZBkQAAW,Lose,0.356521739
0062e000002ZcjgAAC,Lose,0.32173913
0062e000002ZcnOAAS,Lose,0.391304348
0062e000002Zd1gAAC,Win,0.573913043
0062e000002ZDR4AAO,Lose,0.356521739
0062e000002ZDRJAA4,Lose,0.32173913
0062e000002ZGbMAAW,Win,0.660869565
0062e000002ZGm8AAG,Lose,0.330434783
0062e000002ZHHoAAO,Lose,0.32173913
0062e000002ZM9DAAW,Lose,0.373913043
0062e000002ZMKOAA4,Lose,0.330434783
0062e000002ZMXIAA4,Win,0.513043478
0062e000002ZN0WAAW,Lose,0.365217391
0062e000002ZNHNAA4,Win,0.513043478
0062e000002ZO1HAAW,Lose,0.304347826
0062e000002ZQptAAG,Lose,0.347826087
0062e000002ZRCHAA4,Lose,0.347826087
0062e000002ZRkNAAW,Lose,0.295652174
0062e000002ZRQ3AAO,Lose,0.208695652
0062e000002ZRqdAAG,Lose,0.313043478
0062e000002ZRtIAAW,Lose,0.286956522
0062e000002ZUNpAAO,Lose,0.347826087
0062e000002ZW9aAAG,Lose,0.295652174